Origin,Target,Method,MAE,RMSE,MAPE_%,Family
1,Headcount,Naive,5.333333333333333,6.164414002968976,1.5193518361268414,Naive
1,Headcount,SMA(12),15.680555555555552,18.80710440035695,4.431393685600479,SMA
1,Headcount,WMA(12),14.331196581196588,17.026165551594808,4.047793295207547,WMA
1,Headcount,SES,14.25,18.91868561797639,3.9817286789880377,SES
1,Headcount,Holt,25.345993341039275,35.87543552573409,7.014768810249734,Holt
1,Headcount,Holt-Winters,25.039573520457186,35.670352485038485,6.925572749587243,Holt-Winters
1,Headcount,AR(0),14.25,18.918685648497537,3.981728678107735,AR
1,Headcount,MA(0),14.25,18.918685648497537,3.981728678107735,MA
1,Headcount,"ARIMA(0,1,0)",14.25,18.918685648497537,3.981728678107735,ARIMA
1,Headcount,"SARIMAX(1, 1, 1, 12)",10.958858159717671,12.159771311110449,3.166634927313474,SARIMAX
1,Headcount,"auto_arima(2, 1, 1)x(1, 0, 0, 12)",14.098029874110518,19.47954631223861,3.915410337208209,auto_arima
1,Attrition_Rate_Pct,Naive,1.0108333333333337,1.1816196511568349,40.746617536452426,Naive
1,Attrition_Rate_Pct,SMA(12),0.945625,1.1100355297533566,35.441731550211955,SMA
1,Attrition_Rate_Pct,WMA(12),0.8880341880341881,1.0380597658473052,35.00205455398513,WMA
1,Attrition_Rate_Pct,SES,1.1156640623246568,1.3012670478510868,34.44163792056623,SES
1,Attrition_Rate_Pct,Holt,1.0969056743466334,1.2775128433636609,34.077334817414645,Holt
1,Attrition_Rate_Pct,Holt-Winters,1.4857622155343089,1.683125946381546,46.03847831596915,Holt-Winters
1,Attrition_Rate_Pct,AR(0),1.6356597549222665,1.830511897282995,50.19326222878803,AR
1,Attrition_Rate_Pct,MA(0),1.6356597549222665,1.830511897282995,50.19326222878803,MA
1,Attrition_Rate_Pct,"ARIMA(0,0,0)",1.6356597549222665,1.830511897282995,50.19326222878803,ARIMA
1,Attrition_Rate_Pct,"SARIMAX(1, 1, 1, 12)",1.6380012907344277,1.8193590281990333,51.66821314458186,SARIMAX
1,Attrition_Rate_Pct,"auto_arima(3, 0, 0)x(0, 0, 0, 12)",1.4815148472688726,1.668554512306749,45.3146484938486,auto_arima
2,Headcount,Naive,4.75,5.107184482014854,1.1596564491544663,Naive
2,Headcount,SMA(12),36.895833333333336,37.27406474719088,8.99392559988581,SMA
2,Headcount,WMA(12),25.95192307692308,26.38206138536273,6.337489835122484,WMA
2,Headcount,SES,33.833333467443786,37.32514803375164,8.060291185405703,SES
2,Headcount,Holt,18.05296435353392,21.66901636673289,4.270764758609884,Holt
2,Headcount,Holt-Winters,18.71350790315724,22.711710187588366,4.422549851665616,Holt-Winters
2,Headcount,AR(3),2.417085126968255,3.2875307119874693,0.5699077011961671,AR
2,Headcount,MA(4),25.90165670261572,29.73952827295314,6.147724646070433,MA
2,Headcount,"ARIMA(3,1,4)",20.21910169433581,26.563658008322264,4.750350086900919,ARIMA
2,Headcount,"SARIMAX(1, 1, 1, 12)",11.233684020857126,15.607132109127328,2.63117514749448,SARIMAX
2,Headcount,"auto_arima(3, 1, 0)x(0, 0, 2, 12)",7.926836431054501,10.642350899813026,1.8616935513175528,auto_arima
2,Attrition_Rate_Pct,Naive,0.9675,1.2895251063860678,76.65164541569024,Naive
2,Attrition_Rate_Pct,SMA(12),0.7315277777777779,0.974337738044554,61.30613331751486,SMA
2,Attrition_Rate_Pct,WMA(12),0.7499252136752137,0.9935956995961548,61.55695701495107,WMA
2,Attrition_Rate_Pct,SES,0.7211104069650403,0.9874621823390822,59.585549743052205,SES
2,Attrition_Rate_Pct,Holt,0.7544431412997126,1.017804858979881,62.47906008084225,Holt
2,Attrition_Rate_Pct,Holt-Winters,0.8171603015515742,1.0420237936762895,65.5683549937743,Holt-Winters
2,Attrition_Rate_Pct,AR(3),0.9459172383327984,1.198574336306869,48.11454936172259,AR
2,Attrition_Rate_Pct,MA(3),1.1006979654463798,1.3412579012788004,51.81146037416965,MA
2,Attrition_Rate_Pct,"ARIMA(3,0,3)",0.8315526226278873,1.1214175225187475,43.60090523756974,ARIMA
2,Attrition_Rate_Pct,"SARIMAX(1, 1, 1, 12)",0.7048895146187554,0.9985116369855878,45.45281753025923,SARIMAX
2,Attrition_Rate_Pct,"auto_arima(0, 1, 1)x(0, 0, 0, 12)",0.7211442905504689,0.9874884370659652,59.5890404540267,auto_arima
3,Headcount,Naive,2.4166666666666665,3.2015621187164243,0.5359406420500891,Naive
3,Headcount,SMA(12),18.763888888888896,19.51017659429922,4.165065634665058,SMA
3,Headcount,WMA(12),12.545940170940176,13.170235932131176,2.7855295650154392,WMA
3,Headcount,SES,16.333333392937977,17.658803336591593,3.5895795672158406,SES
3,Headcount,Holt,7.779715496948573,9.721650793876693,1.7032113957844437,Holt
3,Headcount,Holt-Winters,8.318268450011809,10.346509755018673,1.821577733946132,Holt-Winters
3,Headcount,AR(3),2.6016760477019907,2.955790370291324,0.57281924808471,AR
3,Headcount,MA(5),12.688452589814624,14.163434850791251,2.785091987702974,MA
3,Headcount,"ARIMA(3,1,5)",6.696424395306384,7.935135972463247,1.4674096718480392,ARIMA
3,Headcount,"SARIMAX(1, 1, 1, 12)",2.6653965981835483,3.148384083313552,0.5905166381817658,SARIMAX
3,Headcount,"auto_arima(1, 1, 2)x(0, 0, 2, 12)",2.495437974332186,3.2890625910881064,0.5477923500989818,auto_arima
3,Attrition_Rate_Pct,Naive,0.8650000000000001,1.0726602444390303,42.98341441086724,Naive
3,Attrition_Rate_Pct,SMA(12),0.6646527777777776,0.7927824374035765,30.17124033135892,SMA
3,Attrition_Rate_Pct,WMA(12),0.7177350427350427,0.8378167313982897,33.59622816263545,WMA
3,Attrition_Rate_Pct,SES,0.6694217257606071,0.773294556088831,29.320881201274624,SES
3,Attrition_Rate_Pct,Holt,0.6551943991320299,0.7675469545911235,29.36253838567629,Holt
3,Attrition_Rate_Pct,Holt-Winters,0.5823143426080112,0.7267538343582366,26.958645506599805,Holt-Winters
3,Attrition_Rate_Pct,AR(3),0.8569290702340533,1.0476649101504556,30.29721487207821,AR
3,Attrition_Rate_Pct,MA(5),0.8954014325869796,1.0948876829370662,31.34885393636165,MA
3,Attrition_Rate_Pct,"ARIMA(3,0,5)",0.8000670723282014,0.9466971712521404,29.930844640177305,ARIMA
3,Attrition_Rate_Pct,"SARIMAX(1, 1, 1, 12)",0.7230019855504367,0.8721889772512202,28.147306974237825,SARIMAX
3,Attrition_Rate_Pct,"auto_arima(0, 1, 1)x(0, 0, 1, 12)",0.639215655700054,0.7617882726811316,26.743186351821645,auto_arima
4,Headcount,Naive,1.0833333333333333,1.384437310486346,0.232751086952627,Naive
4,Headcount,SMA(12),5.659722222222224,5.91143156503974,1.2182089595112684,SMA
4,Headcount,WMA(12),3.737179487179484,3.91485997750064,0.8038063877124113,WMA
4,Headcount,SES,3.916666681567828,4.734624249440754,0.8392059664351329,SES
4,Headcount,Holt,1.5937484064021277,1.8004988297614704,0.3428449238469771,Holt
4,Headcount,Holt-Winters,1.938521410402184,2.1529624045610936,0.4164017120476648,Holt-Winters
4,Headcount,AR(3),1.3878344329348096,1.8159929753203456,0.297261034905732,AR
4,Headcount,MA(5),3.6271762602084094,4.470690559210614,0.7770001964261394,MA
4,Headcount,"ARIMA(3,1,5)",2.234153859098152,3.0847644769364644,0.4781708404270764,ARIMA
4,Headcount,"SARIMAX(1, 1, 1, 12)",4.238608404400789,4.943108943009432,0.9090008965669786,SARIMAX
4,Headcount,"auto_arima(2, 2, 0)x(0, 0, 2, 12)",0.6743387197977029,0.8348890406260663,0.1451769147153138,auto_arima
4,Attrition_Rate_Pct,Naive,0.8791666666666668,0.9839757788346892,41.28684925677611,Naive
4,Attrition_Rate_Pct,SMA(12),0.7259722222222224,0.8192049555875864,37.85285530252893,SMA
4,Attrition_Rate_Pct,WMA(12),0.7056196581196583,0.8503113367374195,36.02038382089325,WMA
4,Attrition_Rate_Pct,SES,0.7408515623694693,0.8200888958507468,39.72686344388154,SES
4,Attrition_Rate_Pct,Holt,0.7630220916183407,0.8397142296170665,41.59332619033323,Holt
4,Attrition_Rate_Pct,Holt-Winters,0.6971762573082255,0.7708868323863362,38.36751609363032,Holt-Winters
4,Attrition_Rate_Pct,AR(3),0.6333347245714892,0.8422602031325513,25.807258362835206,AR
4,Attrition_Rate_Pct,MA(6),0.6272871385965516,0.8556501411955256,24.73329582969828,MA
4,Attrition_Rate_Pct,"ARIMA(3,0,6)",0.6492185929989144,0.802329947105185,30.52877344612932,ARIMA
4,Attrition_Rate_Pct,"SARIMAX(1, 1, 1, 12)",0.4569545516177538,0.619372845771834,20.42551546148012,SARIMAX
4,Attrition_Rate_Pct,"auto_arima(0, 1, 1)x(0, 0, 1, 12)",0.7512181315895519,0.826032191403295,40.178667027059056,auto_arima
5,Headcount,Naive,2.1666666666666665,2.798809270624444,0.4488741969650526,Naive
5,Headcount,SMA(12),10.270833333333334,10.652795885831344,2.1254444320678068,SMA
5,Headcount,WMA(12),7.845085470085475,8.151318447906746,1.6236587835120209,WMA
5,Headcount,SES,11.583333358168602,13.524668844269462,2.384899870545691,SES
5,Headcount,Holt,4.703726680889427,5.607487976587329,0.9682670615441976,Holt
5,Headcount,Holt-Winters,4.55294161175073,5.296933465306069,0.9379105459511348,Holt-Winters
5,Headcount,AR(3),7.596976565168295,9.115096508604116,1.5629608696597967,AR
5,Headcount,MA(5),10.434020391141066,12.406324812390435,2.147045512890565,MA
5,Headcount,"ARIMA(3,1,5)",7.921976955918666,9.746102686946667,1.6286513362255397,ARIMA
5,Headcount,"SARIMAX(1, 1, 1, 12)",1.0130572801488806,1.2394145232323337,0.2110027936118234,SARIMAX
5,Headcount,"auto_arima(1, 1, 2)x(0, 0, 2, 12)",3.101987292567903,3.792433730777101,0.6386433920559944,auto_arima
5,Attrition_Rate_Pct,Naive,0.8866666666666666,0.979268434427796,47.9422592633467,Naive
5,Attrition_Rate_Pct,SMA(12),0.5167361111111112,0.6636071723291322,32.93936534345273,SMA
5,Attrition_Rate_Pct,WMA(12),0.5608226495726496,0.684331721019886,34.967903906950504,WMA
5,Attrition_Rate_Pct,SES,0.5543967408043389,0.6786204962936943,37.16716131220048,SES
5,Attrition_Rate_Pct,Holt,0.5701135785702967,0.6955371591639083,38.56483343143829,Holt
5,Attrition_Rate_Pct,Holt-Winters,0.6422075672425707,0.7831497354564783,43.7702199260352,Holt-Winters
5,Attrition_Rate_Pct,AR(3),0.4882446690729199,0.6512041723224691,28.91249435943266,AR
5,Attrition_Rate_Pct,MA(6),0.4947067701426937,0.666543544789662,28.21474932711936,MA
5,Attrition_Rate_Pct,"ARIMA(3,0,6)",0.5077425481208987,0.6669498506213665,32.66135641248468,ARIMA
5,Attrition_Rate_Pct,"SARIMAX(1, 1, 1, 12)",0.6118992434148826,0.7226100110252925,40.07349926666407,SARIMAX
5,Attrition_Rate_Pct,"auto_arima(0, 1, 1)x(0, 0, 1, 12)",0.4911379698956555,0.6383765218028274,33.50014964890638,auto_arima
6,Headcount,Naive,2.583333333333333,2.8431203515386634,0.5056418630268262,Naive
6,Headcount,SMA(12),15.583333333333323,15.647187949939774,3.057156990206445,SMA
6,Headcount,WMA(12),11.38461538461538,11.458565982934896,2.233089901615667,WMA
6,Headcount,SES,15.250000044703484,17.69887005894603,2.964503045720845,SES
6,Headcount,Holt,1.8989058492752235,2.197078918975083,0.3723268987540641,Holt
6,Headcount,Holt-Winters,2.049145011308473,2.3984767994783827,0.4009793082455806,Holt-Winters
6,Headcount,AR(3),4.649335173632788,6.2436869391373975,0.8994186308627613,AR
6,Headcount,MA(5),11.380297125964908,14.128392107256118,2.20662053247114,MA
6,Headcount,"ARIMA(3,1,5)",5.570440479668751,7.658656161014231,1.0768106818031469,ARIMA
6,Headcount,"SARIMAX(1, 1, 1, 12)",1.184753395806273,1.4821897119202705,0.2308524264980426,SARIMAX
6,Headcount,"auto_arima(1, 1, 2)x(2, 0, 0, 12)",2.598440698449702,3.569978427249897,0.5028630284737358,auto_arima
6,Attrition_Rate_Pct,Naive,0.64,0.8020806277010644,40.194578886064775,Naive
6,Attrition_Rate_Pct,SMA(12),0.5686111111111111,0.6731239360870576,31.85081454597562,SMA
6,Attrition_Rate_Pct,WMA(12),0.5886752136752137,0.6864146963225913,33.285289302284085,WMA
6,Attrition_Rate_Pct,SES,0.5691666666666667,0.642612980851134,30.82428531953836,SES
6,Attrition_Rate_Pct,Holt,0.5687681580829423,0.6393760561239538,31.27387401776421,Holt
6,Attrition_Rate_Pct,Holt-Winters,0.6599865398176473,0.8071544338281338,37.836323946278725,Holt-Winters
6,Attrition_Rate_Pct,AR(3),0.5680012895784307,0.7103744784912425,27.07916593781963,AR
6,Attrition_Rate_Pct,MA(7),0.5913747373328837,0.7451960141310782,27.508066721553565,MA
6,Attrition_Rate_Pct,"ARIMA(3,0,7)",0.5487934350616197,0.6693961130809389,27.53832352498012,ARIMA
6,Attrition_Rate_Pct,"SARIMAX(1, 1, 1, 12)",0.648858236628795,0.8241116236187997,36.3886640768652,SARIMAX
6,Attrition_Rate_Pct,"auto_arima(0, 1, 1)x(0, 0, 1, 12)",0.5570308420655553,0.6581478517699703,30.00772246313027,auto_arima
